model_id,sg,architecture,window,vector_size,epochs,min_count,workers,hardware_cpu,hardware_cpu_cores,hardware_ram_gb,hardware_gpu,train_time_sec,eval_time_sec,total_time_sec,cpu_time_sec,peak_ram_mb,throughput_kwords_sec,evaluated_quadruplets,total_quadruplets,coverage_ratio,mean_alignment_global,std_alignment_global,mean_cosine_distance_global,std_cosine_distance_global,mean_semantic_alignment,mean_syntactic_alignment,mean_semantic_distance,mean_syntactic_distance,category_std_dispersion,cat_capital_common_countries_mean_alignment,cat_capital_common_countries_std_alignment,cat_capital_common_countries_mean_distance,cat_capital_world_mean_alignment,cat_capital_world_std_alignment,cat_capital_world_mean_distance,cat_city_in_state_mean_alignment,cat_city_in_state_std_alignment,cat_city_in_state_mean_distance,cat_currency_mean_alignment,cat_currency_std_alignment,cat_currency_mean_distance,cat_family_mean_alignment,cat_family_std_alignment,cat_family_mean_distance,cat_gram1_adjective_to_adverb_mean_alignment,cat_gram1_adjective_to_adverb_std_alignment,cat_gram1_adjective_to_adverb_mean_distance,cat_gram2_opposite_mean_alignment,cat_gram2_opposite_std_alignment,cat_gram2_opposite_mean_distance,cat_gram3_comparative_mean_alignment,cat_gram3_comparative_std_alignment,cat_gram3_comparative_mean_distance,cat_gram4_superlative_mean_alignment,cat_gram4_superlative_std_alignment,cat_gram4_superlative_mean_distance,cat_gram5_present_participle_mean_alignment,cat_gram5_present_participle_std_alignment,cat_gram5_present_participle_mean_distance,cat_gram6_nationality_adjective_mean_alignment,cat_gram6_nationality_adjective_std_alignment,cat_gram6_nationality_adjective_mean_distance,cat_gram7_past_tense_mean_alignment,cat_gram7_past_tense_std_alignment,cat_gram7_past_tense_mean_distance,cat_gram8_plural_mean_alignment,cat_gram8_plural_std_alignment,cat_gram8_plural_mean_distance,cat_gram9_plural_verbs_mean_alignment,cat_gram9_plural_verbs_std_alignment,cat_gram9_plural_verbs_mean_distance
M01_CBOW_w2_d50_e1,0,CBOW,2,50,1,5,4,11th Gen Intel(R) Core(TM) i5-11300H @ 3.10GHz,8,3.72,"NVIDIA GeForce GTX 1650, 4096 MiB",13.56,0.299,13.86,32.11,1609.23,1253.64,17827,19544,0.9121,0.380898,0.487734,0.619102,0.487734,0.64915,0.189816,0.35085,0.810184,0.253253,0.71846,0.295846,0.28154,0.690727,0.396101,0.309274,0.79673,0.247656,0.20327,0.178164,0.260243,0.821836,0.062477,0.624587,0.937523,0.166889,0.465773,0.833111,0.049792,0.453564,0.950208,0.206627,0.386428,0.793373,0.021687,0.319475,0.978313,0.142746,0.460011,0.857254,0.382688,0.400424,0.617312,0.257341,0.449106,0.742659,0.202045,0.490962,0.797955,0.083736,0.41385,0.916264
M02_CBOW_w2_d50_e5,0,CBOW,2,50,5,5,4,11th Gen Intel(R) Core(TM) i5-11300H @ 3.10GHz,8,3.72,"NVIDIA GeForce GTX 1650, 4096 MiB",50.5,0.3151,50.82,149.03,1609.23,1683.68,17827,19544,0.9121,0.237363,0.385036,0.762637,0.385036,0.513319,0.040793,0.486681,0.959207,0.234093,0.478056,0.217494,0.521944,0.575262,0.277267,0.424738,0.614245,0.209252,0.385755,0.119944,0.162791,0.880056,0.028496,0.460365,0.971504,0.01176,0.264838,0.98824,0.008941,0.308992,0.991059,0.137149,0.258265,0.862851,-0.027068,0.252435,1.027068,-0.095265,0.291961,1.095265,0.27268,0.215084,0.72732,0.034779,0.288417,0.965221,-0.032903,0.34352,1.032903,-0.085208,0.265058,1.085208
M03_CBOW_w2_d50_e10,0,CBOW,2,50,10,5,4,11th Gen Intel(R) Core(TM) i5-11300H @ 3.10GHz,8,3.72,"NVIDIA GeForce GTX 1650, 4096 MiB",88.74,0.3427,89.08,272.99,1610.32,1916.27,17827,19544,0.9121,0.189774,0.340505,0.810226,0.340505,0.425193,0.022079,0.574807,0.977921,0.199427,0.370209,0.203974,0.629791,0.469329,0.260929,0.530671,0.521535,0.210716,0.478465,0.105208,0.17035,0.894792,0.036522,0.404984,0.963479,-0.013144,0.239239,1.013144,0.00479,0.27233,0.99521,0.146322,0.217678,0.853678,-0.013992,0.238589,1.013992,-0.115935,0.257486,1.115935,0.211987,0.199566,0.788013,0.010554,0.253876,0.989446,-0.052784,0.301675,1.052784,-0.101032,0.244974,1.101032
M04_CBOW_w2_d100_e1,0,CBOW,2,100,1,5,4,11th Gen Intel(R) Core(TM) i5-11300H @ 3.10GHz,8,3.72,"NVIDIA GeForce GTX 1650, 4096 MiB",13.71,0.3046,14.02,33.45,1659.14,1239.9,17827,19544,0.9121,0.378736,0.485324,0.621264,0.485324,0.646795,0.187792,0.353205,0.812208,0.255294,0.709116,0.297907,0.290884,0.688509,0.392296,0.311491,0.804771,0.237743,0.195229,0.143704,0.265657,0.856296,0.055262,0.617291,0.944738,0.17644,0.456458,0.82356,0.055553,0.451161,0.944447,0.208189,0.375771,0.791811,0.036586,0.315755,0.963414,0.123306,0.452142,0.876694,0.386755,0.393331,0.613245,0.251097,0.449268,0.748903,0.195535,0.486516,0.804465,0.061885,0.411538,0.938115
M05_CBOW_w2_d100_e5,0,CBOW,2,100,5,5,4,11th Gen Intel(R) Core(TM) i5-11300H @ 3.10GHz,8,3.72,"NVIDIA GeForce GTX 1650, 4096 MiB",50.7,0.3094,51.01,155.92,1659.14,1676.98,17827,19544,0.9121,0.19941,0.361946,0.80059,0.361946,0.46216,0.012247,0.53784,0.987754,0.217011,0.387502,0.211135,0.612498,0.521535,0.276302,0.478465,0.568467,0.203644,0.431533,0.081341,0.135823,0.918659,-0.001087,0.4274,1.001087,-0.004806,0.22752,1.004806,0.004793,0.27803,0.995207,0.099194,0.2366,0.900806,-0.038751,0.211716,1.038751,-0.113949,0.267219,1.113949,0.203232,0.204104,0.796768,0.005385,0.261006,0.994614,-0.051852,0.313925,1.051852,-0.107084,0.249305,1.107084
M06_CBOW_w2_d100_e10,0,CBOW,2,100,10,5,4,11th Gen Intel(R) Core(TM) i5-11300H @ 3.10GHz,8,3.72,"NVIDIA GeForce GTX 1650, 4096 MiB",97.21,0.4189,97.63,308.42,1659.14,1749.37,17827,19544,0.9121,0.134398,0.305585,0.865602,0.305585,0.347075,-0.017097,0.652925,1.017097,0.174367,0.257524,0.191162,0.742476,0.380985,0.249222,0.619015,0.451025,0.18678,0.548975,0.059573,0.135424,0.940427,-0.001488,0.367956,1.001488,-0.023117,0.195903,1.023117,-0.011671,0.24241,1.011671,0.077593,0.200953,0.922407,-0.040922,0.197241,1.040923,-0.138133,0.225631,1.138133,0.127807,0.178789,0.872193,-0.033712,0.222572,1.033712,-0.071007,0.271607,1.071007,-0.126849,0.216943,1.126849
M07_CBOW_w2_d300_e1,0,CBOW,2,300,1,5,4,11th Gen Intel(R) Core(TM) i5-11300H @ 3.10GHz,8,3.72,"NVIDIA GeForce GTX 1650, 4096 MiB",20.39,1.7707,22.16,60.98,1848.42,834.05,17827,19544,0.9121,0.385485,0.485883,0.614515,0.485883,0.645975,0.199932,0.354025,0.800068,0.250182,0.716364,0.295939,0.283636,0.692409,0.389369,0.307591,0.793636,0.256952,0.206364,0.153337,0.274254,0.846663,0.047047,0.61344,0.952953,0.184275,0.463512,0.815725,0.066015,0.455807,0.933985,0.212901,0.383418,0.787099,0.049102,0.322619,0.950898,0.144172,0.454749,0.855828,0.388544,0.389337,0.611456,0.263971,0.456418,0.736029,0.208929,0.505882,0.791071,0.095612,0.42581,0.904388
M08_CBOW_w2_d300_e5,0,CBOW,2,300,5,5,4,11th Gen Intel(R) Core(TM) i5-11300H @ 3.10GHz,8,3.72,"NVIDIA GeForce GTX 1650, 4096 MiB",79.33,0.7014,80.03,278.57,1848.45,1071.87,17827,19544,0.9121,0.182108,0.349815,0.817892,0.349815,0.438483,-0.000514,0.561517,1.000514,0.205744,0.338569,0.212449,0.661431,0.493106,0.275393,0.506894,0.546471,0.196385,0.453529,0.084613,0.12533,0.915387,-0.001582,0.410504,1.001582,-0.009813,0.220389,1.009813,-0.00439,0.26655,1.00439,0.076039,0.225009,0.923961,-0.042385,0.197552,1.042385,-0.11303,0.257123,1.11303,0.159293,0.201902,0.840707,-0.005613,0.248304,1.005613,-0.052024,0.305394,1.052024,-0.110816,0.238438,1.110816
M09_CBOW_w2_d300_e10,0,CBOW,2,300,10,5,4,11th Gen Intel(R) Core(TM) i5-11300H @ 3.10GHz,8,3.72,"NVIDIA GeForce GTX 1650, 4096 MiB",155.26,0.8765,156.14,559.13,1848.75,1095.25,17827,19544,0.9121,0.093329,0.267377,0.906671,0.267377,0.281264,-0.040543,0.718736,1.040543,0.147305,0.180114,0.169496,0.819886,0.314822,0.232227,0.685178,0.366745,0.15898,0.633255,0.035003,0.107867,0.964997,-0.006387,0.32308,1.006387,-0.03592,0.165497,1.03592,-0.024857,0.210794,1.024857,0.033358,0.174486,0.966642,-0.055636,0.161427,1.055636,-0.129407,0.192583,1.129407,0.054715,0.163744,0.945285,-0.051327,0.192944,1.051327,-0.083245,0.240301,1.083245,-0.129336,0.19045,1.129336
M10_CBOW_w5_d50_e1,0,CBOW,5,50,1,5,4,11th Gen Intel(R) Core(TM) i5-11300H @ 3.10GHz,8,3.72,"NVIDIA GeForce GTX 1650, 4096 MiB",13.32,0.2734,13.59,33.42,1848.75,1277.1,17827,19544,0.9121,0.315305,0.498174,0.684695,0.498174,0.637701,0.085656,0.362299,0.914344,0.278136,0.682639,0.281512,0.317361,0.689872,0.355166,0.310128,0.785043,0.262518,0.214957,0.128981,0.252558,0.871019,0.04535,0.642821,0.95465,0.085308,0.43241,0.914692,-0.008612,0.404346,1.008612,0.140726,0.374355,0.859274,-0.061768,0.29176,1.061768,0.012518,0.444821,0.987482,0.272414,0.430513,0.727586,0.101254,0.429934,0.898746,0.091549,0.470738,0.90845,-0.022975,0.380011,1.022975
M11_CBOW_w5_d50_e5,0,CBOW,5,50,5,5,4,11th Gen Intel(R) Core(TM) i5-11300H @ 3.10GHz,8,3.72,"NVIDIA GeForce GTX 1650, 4096 MiB",50.42,0.3209,50.74,159.28,1848.75,1686.34,17827,19544,0.9121,0.164766,0.417711,0.835234,0.417711,0.476929,-0.057595,0.523071,1.057595,0.24725,0.330498,0.259871,0.669502,0.517224,0.310315,0.482776,0.635966,0.221651,0.364034,0.046999,0.165734,0.953001,0.039223,0.489528,0.960777,-0.114492,0.28067,1.114491,-0.081819,0.294989,1.08182,0.094064,0.268695,0.905936,-0.113642,0.237876,1.113642,-0.185445,0.315568,1.185445,0.091375,0.262406,0.908625,-0.064017,0.305591,1.064017,-0.087379,0.364808,1.087379,-0.188103,0.274809,1.188103
M12_CBOW_w5_d50_e10,0,CBOW,5,50,10,5,4,11th Gen Intel(R) Core(TM) i5-11300H @ 3.10GHz,8,3.72,"NVIDIA GeForce GTX 1650, 4096 MiB",92.48,0.2997,92.78,303.36,1848.75,1838.86,17827,19544,0.9121,0.1186,0.370271,0.8814,0.370271,0.381162,-0.068429,0.618838,1.068429,0.209405,0.228521,0.240438,0.771479,0.39435,0.293511,0.60565,0.54186,0.222155,0.45814,0.034529,0.16348,0.965471,0.053539,0.441795,0.946461,-0.12261,0.25827,1.12261,-0.094022,0.281265,1.094022,0.092087,0.246086,0.907913,-0.104183,0.237402,1.104182,-0.188671,0.285167,1.188671,0.036238,0.233552,0.963762,-0.068957,0.275453,1.068957,-0.095055,0.324545,1.095055,-0.184724,0.25728,1.184724
M13_CBOW_w5_d100_e1,0,CBOW,5,100,1,5,4,11th Gen Intel(R) Core(TM) i5-11300H @ 3.10GHz,8,3.72,"NVIDIA GeForce GTX 1650, 4096 MiB",14.41,0.521,14.93,36.78,1848.75,1180.31,17827,19544,0.9121,0.308536,0.497111,0.691464,0.497111,0.631025,0.07882,0.368975,0.92118,0.279386,0.679728,0.285805,0.320272,0.68397,0.362272,0.31603,0.778284,0.265863,0.221716,0.114338,0.256444,0.885662,0.039342,0.630353,0.960658,0.090925,0.416428,0.909075,-0.019775,0.403362,1.019775,0.136529,0.37252,0.863471,-0.073703,0.289516,1.073703,0.00943,0.434915,0.99057,0.269987,0.428101,0.730013,0.096335,0.413083,0.903665,0.06853,0.473708,0.93147,-0.029395,0.380821,1.029395
M14_CBOW_w5_d100_e5,0,CBOW,5,100,5,5,4,11th Gen Intel(R) Core(TM) i5-11300H @ 3.10GHz,8,3.72,"NVIDIA GeForce GTX 1650, 4096 MiB",53.23,0.2926,53.52,168.61,1848.75,1597.39,17827,19544,0.9121,0.133502,0.38951,0.866498,0.38951,0.422893,-0.072638,0.577107,1.072639,0.226864,0.271785,0.249488,0.728216,0.46119,0.302354,0.53881,0.575294,0.222274,0.424706,0.019461,0.141087,0.980538,0.00699,0.452281,0.99301,-0.102833,0.249974,1.102833,-0.066438,0.271837,1.066438,0.059523,0.251283,0.940477,-0.115216,0.204952,1.115216,-0.195639,0.28827,1.195639,0.048376,0.24341,0.951624,-0.087056,0.275168,1.087056,-0.099822,0.341837,1.099822,-0.192191,0.258793,1.192191
M15_CBOW_w5_d100_e10,0,CBOW,5,100,10,5,4,11th Gen Intel(R) Core(TM) i5-11300H @ 3.10GHz,8,3.72,"NVIDIA GeForce GTX 1650, 4096 MiB",101.28,0.3559,101.64,329.97,1848.75,1678.97,17827,19544,0.9121,0.080198,0.332307,0.919802,0.332307,0.313004,-0.085635,0.686996,1.085635,0.184331,0.162273,0.21758,0.837727,0.320901,0.277335,0.679099,0.464001,0.202723,0.535999,0.011561,0.137033,0.988439,0.017674,0.397793,0.982326,-0.107795,0.22274,1.107795,-0.080846,0.246025,1.080846,0.058631,0.217607,0.941369,-0.106209,0.200329,1.106209,-0.194428,0.25428,1.194428,-0.005274,0.212784,1.005274,-0.103954,0.241835,1.103954,-0.114994,0.295777,1.114994,-0.192593,0.236647,1.192593
M16_CBOW_w5_d300_e1,0,CBOW,5,300,1,5,4,11th Gen Intel(R) Core(TM) i5-11300H @ 3.10GHz,8,3.72,"NVIDIA GeForce GTX 1650, 4096 MiB",21.19,0.8003,21.99,63.44,1849.8,802.42,17827,19544,0.9121,0.313726,0.497883,0.686274,0.497883,0.630013,0.088428,0.369987,0.911572,0.275304,0.682551,0.288649,0.317449,0.6845,0.362146,0.3155,0.772086,0.270487,0.227914,0.119051,0.259856,0.880948,0.041267,0.634167,0.958733,0.096724,0.429169,0.903276,-0.003196,0.413282,1.003196,0.13418,0.375322,0.86582,-0.054533,0.294693,1.054533,0.009389,0.440914,0.990611,0.269927,0.433379,0.730073,0.121497,0.431753,0.878503,0.093043,0.480377,0.906957,-0.036185,0.37975,1.036185
M17_CBOW_w5_d300_e5,0,CBOW,5,300,5,5,4,11th Gen Intel(R) Core(TM) i5-11300H @ 3.10GHz,8,3.72,"NVIDIA GeForce GTX 1650, 4096 MiB",81.54,0.7488,82.29,284.28,1849.8,1042.73,17827,19544,0.9121,0.121633,0.374291,0.878367,0.374291,0.399787,-0.076503,0.600213,1.076503,0.216105,0.230883,0.239993,0.769117,0.435885,0.299366,0.564115,0.551589,0.211325,0.448411,0.012556,0.127176,0.987444,0.004315,0.425396,0.995685,-0.101213,0.232902,1.101213,-0.067378,0.259235,1.067378,0.049486,0.237415,0.950514,-0.103377,0.191095,1.103377,-0.192217,0.269867,1.192217,0.027971,0.236497,0.972029,-0.092942,0.26263,1.092942,-0.1028,0.328602,1.1028,-0.190965,0.250363,1.190966
M18_CBOW_w5_d300_e10,0,CBOW,5,300,10,5,4,11th Gen Intel(R) Core(TM) i5-11300H @ 3.10GHz,8,3.72,"NVIDIA GeForce GTX 1650, 4096 MiB",162.24,0.6196,162.86,571.78,1849.8,1048.17,17827,19544,0.9121,0.051769,0.292105,0.948231,0.292105,0.254945,-0.092957,0.745055,1.092957,0.158353,0.10728,0.190045,0.89272,0.263429,0.256055,0.736571,0.38747,0.186917,0.61253,-0.007818,0.108427,1.007818,-0.001478,0.350064,1.001477,-0.099288,0.184453,1.099288,-0.072042,0.217438,1.072042,0.027628,0.185779,0.972372,-0.101038,0.159754,1.101038,-0.184519,0.214997,1.184519,-0.044171,0.19065,1.044171,-0.109832,0.211186,1.109832,-0.120832,0.263943,1.120832,-0.18054,0.206395,1.180539
M19_CBOW_w10_d50_e1,0,CBOW,10,50,1,5,4,11th Gen Intel(R) Core(TM) i5-11300H @ 3.10GHz,8,3.72,"NVIDIA GeForce GTX 1650, 4096 MiB",14.69,0.3151,15.0,38.46,1849.8,1157.82,17827,19544,0.9121,0.260473,0.512459,0.739527,0.512459,0.620921,0.003717,0.379079,0.996283,0.295593,0.64704,0.280025,0.35296,0.682786,0.335866,0.317214,0.756058,0.268323,0.243942,0.094542,0.275397,0.905458,0.061754,0.6444,0.938246,0.020791,0.415508,0.979209,-0.047236,0.375466,1.047236,0.080645,0.369799,0.919355,-0.123904,0.289571,1.123904,-0.087399,0.434792,1.087399,0.191478,0.454876,0.808522,-0.002484,0.40523,1.002484,-0.022269,0.485944,1.022269,-0.110497,0.375568,1.110497
M20_CBOW_w10_d50_e5,0,CBOW,10,50,5,5,4,11th Gen Intel(R) Core(TM) i5-11300H @ 3.10GHz,8,3.72,"NVIDIA GeForce GTX 1650, 4096 MiB",53.15,0.3424,53.49,179.55,1849.8,1599.76,17827,19544,0.9121,0.115002,0.421539,0.884998,0.421539,0.422513,-0.104045,0.577487,1.104045,0.239559,0.21915,0.283955,0.78085,0.443419,0.325153,0.556581,0.61254,0.232599,0.38746,-0.003004,0.167958,1.003004,0.03975,0.484818,0.96025,-0.138649,0.295105,1.138649,-0.098816,0.2952,1.098816,0.071348,0.268802,0.928652,-0.150227,0.235218,1.150227,-0.226006,0.320669,1.226006,-0.013245,0.282504,1.013245,-0.122295,0.310146,1.122295,-0.134599,0.38064,1.134599,-0.216217,0.286338,1.216217
M21_CBOW_w10_d50_e10,0,CBOW,10,50,10,5,4,11th Gen Intel(R) Core(TM) i5-11300H @ 3.10GHz,8,3.72,"NVIDIA GeForce GTX 1650, 4096 MiB",97.17,0.2783,97.45,339.52,1849.8,1750.08,17827,19544,0.9121,0.070036,0.372673,0.929964,0.372673,0.32336,-0.110413,0.67664,1.110413,0.204534,0.109032,0.263626,0.890968,0.300363,0.311579,0.699637,0.534204,0.226595,0.465796,0.003387,0.170691,0.996613,0.061092,0.438531,0.938908,-0.158908,0.273358,1.158908,-0.109315,0.269669,1.109315,0.085662,0.240722,0.914338,-0.138551,0.224642,1.138551,-0.226308,0.281618,1.226308,-0.073937,0.245096,1.073937,-0.111771,0.279356,1.111771,-0.133059,0.336415,1.133059,-0.210174,0.26413,1.210174
M22_CBOW_w10_d100_e1,0,CBOW,10,100,1,5,4,11th Gen Intel(R) Core(TM) i5-11300H @ 3.10GHz,8,3.72,"NVIDIA GeForce GTX 1650, 4096 MiB",14.65,0.4533,15.1,39.95,1849.8,1160.94,17827,19544,0.9121,0.263384,0.508762,0.736616,0.508762,0.622802,0.007362,0.377198,0.992638,0.293126,0.642961,0.280636,0.357039,0.684597,0.334246,0.315403,0.761644,0.282162,0.238356,0.090683,0.287968,0.909316,0.059001,0.628442,0.940999,0.023229,0.3995,0.976771,-0.035347,0.370198,1.035347,0.071151,0.365809,0.928849,-0.092148,0.279012,1.092148,-0.083135,0.432345,1.083135,0.191309,0.446875,0.808691,-0.008136,0.403441,1.008137,-0.017613,0.469131,1.017613,-0.103539,0.374102,1.103539
M23_CBOW_w10_d100_e5,0,CBOW,10,100,5,5,4,11th Gen Intel(R) Core(TM) i5-11300H @ 3.10GHz,8,3.72,"NVIDIA GeForce GTX 1650, 4096 MiB",54.0,0.2912,54.29,180.49,1849.8,1574.7,17827,19544,0.9121,0.089008,0.391721,0.910992,0.391721,0.372013,-0.112583,0.627986,1.112583,0.219385,0.154448,0.26741,0.845552,0.385255,0.320682,0.614745,0.558241,0.227214,0.441759,-0.009557,0.142659,1.009557,0.030113,0.439061,0.969887,-0.138103,0.263281,1.138103,-0.107243,0.258405,1.107243,0.059411,0.248739,0.940589,-0.140828,0.20186,1.140828,-0.223604,0.293431,1.223604,-0.061946,0.263222,1.061946,-0.122592,0.282922,1.122592,-0.136973,0.358094,1.136973,-0.217732,0.262139,1.217732
M24_CBOW_w10_d100_e10,0,CBOW,10,100,10,5,4,11th Gen Intel(R) Core(TM) i5-11300H @ 3.10GHz,8,3.72,"NVIDIA GeForce GTX 1650, 4096 MiB",112.03,0.5115,112.54,380.91,1849.8,1517.96,17827,19544,0.9121,0.036808,0.334335,0.963192,0.334335,0.258971,-0.121444,0.741029,1.121444,0.180509,0.059921,0.227871,0.940079,0.23269,0.287559,0.76731,0.456043,0.21799,0.543957,-0.017753,0.138612,1.017753,0.021197,0.384618,0.978803,-0.144648,0.232339,1.144648,-0.119017,0.24309,1.119017,0.067712,0.214725,0.932288,-0.121442,0.194563,1.121442,-0.218166,0.259346,1.218166,-0.113232,0.225151,1.113232,-0.135166,0.246227,1.135167,-0.153189,0.303086,1.153189,-0.210451,0.240154,1.210451
M25_CBOW_w10_d300_e1,0,CBOW,10,300,1,5,4,11th Gen Intel(R) Core(TM) i5-11300H @ 3.10GHz,8,3.72,"NVIDIA GeForce GTX 1650, 4096 MiB",23.94,0.5815,24.52,72.13,1849.8,710.41,17827,19544,0.9121,0.266194,0.511574,0.733806,0.511574,0.623742,0.011504,0.376258,0.988496,0.294312,0.646373,0.285957,0.353627,0.681399,0.341983,0.318601,0.769695,0.282379,0.230305,0.092368,0.277224,0.907632,0.051562,0.626444,0.948438,0.009353,0.412657,0.990647,-0.011186,0.369256,1.011186,0.082077,0.370623,0.917923,-0.103725,0.298961,1.103725,-0.090534,0.430859,1.090534,0.203277,0.441516,0.796723,0.003141,0.406202,0.996859,-0.011173,0.477432,1.011173,-0.104696,0.379449,1.104696
M26_CBOW_w10_d300_e5,0,CBOW,10,300,5,5,4,11th Gen Intel(R) Core(TM) i5-11300H @ 3.10GHz,8,3.72,"NVIDIA GeForce GTX 1650, 4096 MiB",87.86,0.5373,88.4,315.22,1849.8,967.73,17827,19544,0.9121,0.077596,0.377039,0.922404,0.377039,0.351807,-0.117731,0.648193,1.117731,0.210678,0.141811,0.252999,0.858189,0.36183,0.311027,0.63817,0.535176,0.222777,0.464824,-0.009644,0.135269,1.009644,0.0154,0.420115,0.9846,-0.132775,0.249548,1.132775,-0.108364,0.256328,1.108364,0.040757,0.231259,0.959243,-0.130747,0.190881,1.130747,-0.216248,0.276729,1.216248,-0.084608,0.250421,1.084608,-0.133413,0.269795,1.133413,-0.141839,0.342962,1.141839,-0.209823,0.254897,1.209823
M27_CBOW_w10_d300_e10,0,CBOW,10,300,10,5,4,11th Gen Intel(R) Core(TM) i5-11300H @ 3.10GHz,8,3.72,"NVIDIA GeForce GTX 1650, 4096 MiB",169.0,0.6452,169.64,621.84,1849.8,1006.23,17827,19544,0.9121,0.012203,0.287708,0.987797,0.287708,0.198193,-0.120282,0.801807,1.120282,0.149113,0.016804,0.19879,0.983196,0.183042,0.262139,0.816957,0.355679,0.197367,0.644321,-0.029679,0.115729,1.029679,-0.005022,0.33599,1.005022,-0.121219,0.194746,1.12122,-0.101253,0.209759,1.101253,0.036753,0.184489,0.963247,-0.111047,0.15768,1.111047,-0.196705,0.219698,1.196705,-0.134521,0.191883,1.134521,-0.13491,0.216816,1.13491,-0.150615,0.266955,1.150615,-0.196384,0.214493,1.196384
M28_SG_w2_d50_e1,1,Skip-gram,2,50,1,5,4,11th Gen Intel(R) Core(TM) i5-11300H @ 3.10GHz,8,3.72,"NVIDIA GeForce GTX 1650, 4096 MiB",21.65,0.3938,22.04,68.04,1849.8,785.6,17827,19544,0.9121,0.517116,0.341762,0.482884,0.341762,0.722868,0.370554,0.277132,0.629446,0.185151,0.747034,0.141005,0.252966,0.773489,0.248809,0.226511,0.790297,0.163823,0.209703,0.458717,0.212317,0.541283,0.264977,0.460069,0.735023,0.376696,0.311943,0.623304,0.350154,0.353604,0.649846,0.393223,0.25466,0.606777,0.285392,0.267517,0.714608,0.300421,0.312248,0.699579,0.564794,0.199805,0.435206,0.367282,0.302239,0.632719,0.321969,0.361407,0.678031,0.269474,0.294967,0.730526
M29_SG_w2_d50_e5,1,Skip-gram,2,50,5,5,4,11th Gen Intel(R) Core(TM) i5-11300H @ 3.10GHz,8,3.72,"NVIDIA GeForce GTX 1650, 4096 MiB",82.76,0.3345,83.1,314.47,1849.8,1027.34,17827,19544,0.9121,0.343194,0.274429,0.656806,0.274429,0.545826,0.198854,0.454174,0.801146,0.162968,0.453109,0.15791,0.546891,0.57949,0.183535,0.42051,0.615197,0.144056,0.384803,0.363688,0.140361,0.636312,0.245479,0.288947,0.754521,0.236334,0.193208,0.763666,0.249836,0.228319,0.750164,0.259691,0.180904,0.740309,0.209564,0.188041,0.790436,0.092166,0.213014,0.907834,0.355138,0.155333,0.644862,0.135172,0.20502,0.864828,0.131545,0.259252,0.868455,0.079977,0.213347,0.920023
M30_SG_w2_d50_e10,1,Skip-gram,2,50,10,5,4,11th Gen Intel(R) Core(TM) i5-11300H @ 3.10GHz,8,3.72,"NVIDIA GeForce GTX 1650, 4096 MiB",159.52,0.3361,159.86,624.8,1849.8,1065.99,17827,19544,0.9121,0.280389,0.247219,0.719611,0.247219,0.452359,0.157892,0.547641,0.842108,0.140403,0.33394,0.16792,0.66606,0.451099,0.181924,0.548901,0.550797,0.138932,0.449203,0.32224,0.164948,0.67776,0.244259,0.238507,0.755741,0.179545,0.175861,0.820455,0.211973,0.210594,0.788027,0.22153,0.169222,0.77847,0.189587,0.172673,0.810413,0.054315,0.193804,0.945685,0.286127,0.159894,0.713873,0.094982,0.191772,0.905018,0.103266,0.231321,0.896734,0.050602,0.199212,0.949398
M31_SG_w2_d100_e1,1,Skip-gram,2,100,1,5,4,11th Gen Intel(R) Core(TM) i5-11300H @ 3.10GHz,8,3.72,"NVIDIA GeForce GTX 1650, 4096 MiB",21.88,0.3937,22.27,72.88,1849.8,777.32,17827,19544,0.9121,0.49734,0.339233,0.50266,0.339233,0.706483,0.348362,0.293517,0.651638,0.184445,0.71978,0.150675,0.28022,0.762464,0.248933,0.237536,0.771899,0.164459,0.228101,0.426951,0.209632,0.573049,0.249191,0.452621,0.750809,0.366155,0.306955,0.633845,0.33648,0.339533,0.66352,0.364089,0.247424,0.635911,0.270869,0.259992,0.729131,0.281445,0.301436,0.718555,0.534187,0.200775,0.465813,0.340435,0.301481,0.659565,0.295093,0.344734,0.704907,0.254802,0.287562,0.745198
M32_SG_w2_d100_e5,1,Skip-gram,2,100,5,5,4,11th Gen Intel(R) Core(TM) i5-11300H @ 3.10GHz,8,3.72,"NVIDIA GeForce GTX 1650, 4096 MiB",91.43,0.4092,91.84,350.81,1849.8,929.93,17827,19544,0.9121,0.265877,0.257724,0.734123,0.257724,0.45624,0.130277,0.54376,0.869723,0.146902,0.326803,0.158995,0.673197,0.489652,0.19692,0.510348,0.529385,0.146979,0.470615,0.275439,0.13534,0.724561,0.179447,0.274199,0.820553,0.170077,0.165529,0.829923,0.201294,0.206855,0.798706,0.18036,0.162415,0.81964,0.141771,0.167145,0.858229,0.038678,0.184857,0.961322,0.238573,0.151186,0.761427,0.073044,0.186709,0.926956,0.07768,0.234678,0.92232,0.038403,0.189803,0.961597
M33_SG_w2_d100_e10,1,Skip-gram,2,100,10,5,4,11th Gen Intel(R) Core(TM) i5-11300H @ 3.10GHz,8,3.72,"NVIDIA GeForce GTX 1650, 4096 MiB",177.7,0.4584,178.16,695.98,1849.8,956.95,17827,19544,0.9121,0.196738,0.222664,0.803262,0.222664,0.355347,0.083757,0.644653,0.916243,0.125993,0.227655,0.152147,0.772345,0.351599,0.178332,0.648401,0.454198,0.128186,0.545802,0.237959,0.144132,0.762041,0.159175,0.215228,0.840825,0.122395,0.145512,0.877605,0.155335,0.184021,0.844665,0.130806,0.144434,0.869194,0.111608,0.150345,0.888392,0.000859,0.15781,0.999141,0.17071,0.147587,0.82929,0.025315,0.162931,0.974685,0.033519,0.196119,0.96648,0.004024,0.163323,0.995976
M34_SG_w2_d300_e1,1,Skip-gram,2,300,1,5,4,11th Gen Intel(R) Core(TM) i5-11300H @ 3.10GHz,8,3.72,"NVIDIA GeForce GTX 1650, 4096 MiB",37.85,0.698,38.54,135.65,1849.8,449.32,17827,19544,0.9121,0.495985,0.339864,0.504015,0.339864,0.708166,0.344843,0.291834,0.655157,0.185852,0.715307,0.155944,0.284693,0.766838,0.247134,0.233162,0.77368,0.162566,0.22632,0.421489,0.210616,0.578511,0.245052,0.447117,0.754948,0.371168,0.299025,0.628832,0.332995,0.338457,0.667005,0.359052,0.249022,0.640948,0.261412,0.256521,0.738588,0.277924,0.302884,0.722076,0.522907,0.199429,0.477093,0.345795,0.297471,0.654205,0.289676,0.350644,0.710324,0.251178,0.284225,0.748822
M35_SG_w2_d300_e5,1,Skip-gram,2,300,5,5,4,11th Gen Intel(R) Core(TM) i5-11300H @ 3.10GHz,8,3.72,"NVIDIA GeForce GTX 1650, 4096 MiB",162.71,0.5164,163.23,632.24,1849.8,522.56,17827,19544,0.9121,0.200261,0.232875,0.799739,0.232875,0.370502,0.078995,0.629498,0.921005,0.126481,0.225424,0.138121,0.774576,0.408783,0.198757,0.591217,0.429609,0.129013,0.570391,0.208905,0.10987,0.791095,0.121851,0.25047,0.878149,0.125118,0.14951,0.874882,0.159945,0.185436,0.840055,0.116984,0.145715,0.883016,0.098497,0.140579,0.901503,0.016346,0.160705,0.983654,0.128,0.144246,0.872,0.034619,0.162891,0.965381,0.038797,0.215372,0.961203,0.007148,0.172201,0.992852
M36_SG_w2_d300_e10,1,Skip-gram,2,300,10,5,4,11th Gen Intel(R) Core(TM) i5-11300H @ 3.10GHz,8,3.72,"NVIDIA GeForce GTX 1650, 4096 MiB",315.78,0.6447,316.43,1242.52,1849.8,538.51,17827,19544,0.9121,0.108878,0.172957,0.891122,0.172957,0.229586,0.022894,0.770414,0.977106,0.093393,0.117864,0.111368,0.882136,0.233718,0.151302,0.766282,0.291732,0.111098,0.708268,0.155599,0.101273,0.844401,0.089344,0.18249,0.910656,0.06566,0.108694,0.93434,0.096978,0.148532,0.903022,0.0583,0.111681,0.9417,0.060152,0.111856,0.939848,-0.026805,0.118227,1.026804,0.048932,0.112943,0.951068,-0.019046,0.124139,1.019046,-0.01673,0.160981,1.01673,-0.036262,0.12773,1.036262
M37_SG_w5_d50_e1,1,Skip-gram,5,50,1,5,4,11th Gen Intel(R) Core(TM) i5-11300H @ 3.10GHz,8,3.72,"NVIDIA GeForce GTX 1650, 4096 MiB",35.22,0.3009,35.52,122.53,1849.8,482.84,17827,19544,0.9121,0.486151,0.298718,0.513849,0.298718,0.699482,0.334191,0.300518,0.665809,0.169311,0.624667,0.154986,0.375333,0.744522,0.190931,0.255478,0.763187,0.15348,0.236813,0.483483,0.155174,0.516517,0.360516,0.358196,0.639484,0.377358,0.238138,0.622642,0.392521,0.27163,0.607479,0.398571,0.195852,0.601429,0.302012,0.216375,0.697988,0.248518,0.245613,0.751482,0.475756,0.169839,0.524244,0.295098,0.248607,0.704902,0.242065,0.297767,0.757935,0.24005,0.241007,0.75995
M38_SG_w5_d50_e5,1,Skip-gram,5,50,5,5,4,11th Gen Intel(R) Core(TM) i5-11300H @ 3.10GHz,8,3.72,"NVIDIA GeForce GTX 1650, 4096 MiB",144.7,0.3107,145.01,565.31,1849.8,587.59,17827,19544,0.9121,0.269855,0.257566,0.730145,0.257566,0.448815,0.142378,0.551185,0.857622,0.146801,0.264342,0.186681,0.735658,0.428147,0.202853,0.571853,0.569132,0.138742,0.430868,0.341885,0.172235,0.658115,0.330714,0.229869,0.669286,0.191702,0.188987,0.808298,0.258703,0.213517,0.741297,0.224325,0.177923,0.775675,0.171881,0.178257,0.828119,0.033082,0.196903,0.966918,0.204903,0.177772,0.795097,0.076994,0.195664,0.923006,0.096278,0.237546,0.903722,0.037121,0.199702,0.962879
M39_SG_w5_d50_e10,1,Skip-gram,5,50,10,5,4,11th Gen Intel(R) Core(TM) i5-11300H @ 3.10GHz,8,3.72,"NVIDIA GeForce GTX 1650, 4096 MiB",285.58,0.4386,286.02,1126.41,1849.8,595.46,17827,19544,0.9121,0.216452,0.241902,0.783548,0.241902,0.37338,0.104668,0.62662,0.895332,0.136674,0.208759,0.185699,0.791241,0.325241,0.189347,0.674759,0.509055,0.136349,0.490945,0.314363,0.185496,0.685637,0.311278,0.220743,0.688722,0.132012,0.178974,0.867988,0.208067,0.202422,0.791933,0.180598,0.180652,0.819402,0.142639,0.174666,0.857361,-0.005807,0.195495,1.005807,0.163162,0.182349,0.836838,0.04822,0.190754,0.95178,0.067073,0.224445,0.932927,0.014705,0.190817,0.985295
M40_SG_w5_d100_e1,1,Skip-gram,5,100,1,5,4,11th Gen Intel(R) Core(TM) i5-11300H @ 3.10GHz,8,3.72,"NVIDIA GeForce GTX 1650, 4096 MiB",35.99,0.476,36.47,128.09,1849.8,472.45,17827,19544,0.9121,0.449603,0.29641,0.550397,0.29641,0.659921,0.29979,0.340079,0.70021,0.163051,0.569571,0.168846,0.430429,0.7168,0.20219,0.2832,0.714492,0.158129,0.285508,0.42828,0.151892,0.57172,0.312074,0.347775,0.687926,0.344981,0.238434,0.655019,0.36238,0.266218,0.63762,0.347741,0.197695,0.652259,0.266974,0.204835,0.733025,0.228225,0.237205,0.771775,0.419724,0.173391,0.580276,0.263079,0.245831,0.736921,0.22441,0.292287,0.77559,0.216295,0.234766,0.783705
M41_SG_w5_d100_e5,1,Skip-gram,5,100,5,5,4,11th Gen Intel(R) Core(TM) i5-11300H @ 3.10GHz,8,3.72,"NVIDIA GeForce GTX 1650, 4096 MiB",160.83,0.3995,161.23,627.15,1849.8,528.66,17827,19544,0.9121,0.203047,0.239056,0.796953,0.239056,0.371138,0.083311,0.628862,0.916689,0.134641,0.184222,0.167167,0.815778,0.349735,0.20005,0.650265,0.494451,0.139092,0.505549,0.2669,0.15016,0.7331,0.241776,0.214363,0.758224,0.138216,0.16292,0.861784,0.183991,0.193814,0.816009,0.1515,0.154145,0.8485,0.118913,0.158694,0.881087,0.00133,0.16836,0.99867,0.117927,0.161968,0.882073,0.022577,0.168565,0.977423,0.039006,0.218629,0.960994,0.003948,0.177824,0.996052
M42_SG_w5_d100_e10,1,Skip-gram,5,100,10,5,4,11th Gen Intel(R) Core(TM) i5-11300H @ 3.10GHz,8,3.72,"NVIDIA GeForce GTX 1650, 4096 MiB",314.51,0.3757,314.89,1240.56,1849.8,540.69,17827,19544,0.9121,0.145672,0.211102,0.854328,0.211102,0.28202,0.048548,0.71798,0.951452,0.12091,0.117039,0.154925,0.882961,0.235246,0.171003,0.764754,0.407748,0.131486,0.592252,0.253854,0.159309,0.746146,0.220164,0.189752,0.779836,0.08892,0.1496,0.91108,0.14767,0.17891,0.85233,0.115172,0.152141,0.884828,0.09368,0.151519,0.906321,-0.040029,0.156635,1.040029,0.087398,0.157598,0.912602,-0.010636,0.154448,1.010636,0.006388,0.188705,0.993612,-0.026817,0.161496,1.026817
M43_SG_w5_d300_e1,1,Skip-gram,5,300,1,5,4,11th Gen Intel(R) Core(TM) i5-11300H @ 3.10GHz,8,3.72,"NVIDIA GeForce GTX 1650, 4096 MiB",62.0,0.7421,62.75,230.14,1849.8,274.26,17827,19544,0.9121,0.440379,0.296772,0.559621,0.296772,0.650063,0.291016,0.349937,0.708984,0.161266,0.542088,0.175714,0.457912,0.708914,0.207583,0.291086,0.704732,0.159888,0.295268,0.419306,0.152687,0.580694,0.30493,0.342345,0.69507,0.33789,0.236361,0.66211,0.363518,0.265321,0.636482,0.341433,0.194742,0.658567,0.260326,0.201359,0.739674,0.218983,0.236924,0.781017,0.401371,0.177132,0.598629,0.253466,0.245862,0.746534,0.219639,0.291208,0.780361,0.203485,0.239475,0.796515
M44_SG_w5_d300_e5,1,Skip-gram,5,300,5,5,4,11th Gen Intel(R) Core(TM) i5-11300H @ 3.10GHz,8,3.72,"NVIDIA GeForce GTX 1650, 4096 MiB",293.81,0.6899,294.49,1155.09,1849.8,289.4,17827,19544,0.9121,0.12833,0.200961,0.87167,0.200961,0.265903,0.030334,0.734097,0.969666,0.108797,0.100167,0.129408,0.899832,0.260075,0.186261,0.739925,0.348768,0.12624,0.651232,0.202142,0.119604,0.797858,0.145805,0.195198,0.854195,0.082757,0.132041,0.917243,0.134203,0.168128,0.865797,0.085461,0.12712,0.914539,0.068733,0.127414,0.931267,-0.027673,0.135021,1.027673,0.027781,0.131141,0.972219,-0.02011,0.1391,1.02011,-0.007341,0.189649,1.007341,-0.02488,0.149242,1.024881
M45_SG_w5_d300_e10,1,Skip-gram,5,300,10,5,4,11th Gen Intel(R) Core(TM) i5-11300H @ 3.10GHz,8,3.72,"NVIDIA GeForce GTX 1650, 4096 MiB",573.5,0.7192,574.22,2270.05,1849.8,296.52,17827,19544,0.9121,0.061912,0.155367,0.938088,0.155367,0.160527,-0.008335,0.839473,1.008335,0.086471,0.045233,0.111932,0.954767,0.137045,0.136265,0.862955,0.229969,0.112842,0.770031,0.165447,0.1201,0.834553,0.106477,0.151407,0.893523,0.03405,0.102317,0.96595,0.078835,0.136221,0.921165,0.037112,0.109088,0.962888,0.043644,0.107993,0.956356,-0.061092,0.105098,1.061092,-0.006504,0.108974,1.006504,-0.055269,0.11104,1.055269,-0.050675,0.147367,1.050675,-0.051438,0.119342,1.051437
M46_SG_w10_d50_e1,1,Skip-gram,10,50,1,5,4,11th Gen Intel(R) Core(TM) i5-11300H @ 3.10GHz,8,3.72,"NVIDIA GeForce GTX 1650, 4096 MiB",54.77,0.4434,55.21,201.68,1849.8,310.48,17827,19544,0.9121,0.424747,0.277946,0.575253,0.277946,0.622703,0.283739,0.377297,0.716261,0.151608,0.45636,0.193509,0.54364,0.647776,0.210734,0.352224,0.705285,0.150462,0.294715,0.447885,0.138704,0.552115,0.400277,0.272842,0.599723,0.349065,0.208573,0.650935,0.396887,0.225002,0.603113,0.37418,0.180613,0.62582,0.280931,0.190093,0.719069,0.201647,0.209046,0.798353,0.347041,0.183943,0.652959,0.231534,0.224998,0.768466,0.190599,0.268044,0.809401,0.200846,0.223753,0.799154
M47_SG_w10_d50_e5,1,Skip-gram,10,50,5,5,4,11th Gen Intel(R) Core(TM) i5-11300H @ 3.10GHz,8,3.72,"NVIDIA GeForce GTX 1650, 4096 MiB",250.4,0.4225,250.82,988.3,1849.8,339.57,17827,19544,0.9121,0.217657,0.256777,0.782343,0.256777,0.382954,0.099913,0.617046,0.900087,0.149484,0.170446,0.191649,0.829554,0.317901,0.20685,0.682099,0.541485,0.141225,0.458515,0.342801,0.178995,0.657199,0.368501,0.216454,0.631499,0.149909,0.192809,0.850091,0.22202,0.204956,0.77798,0.188067,0.189802,0.811933,0.132719,0.18129,0.867281,-0.004088,0.201985,1.004088,0.127572,0.197304,0.872428,0.047071,0.204101,0.952929,0.044537,0.227317,0.955463,0.021836,0.209819,0.978164
M48_SG_w10_d50_e10,1,Skip-gram,10,50,10,5,4,11th Gen Intel(R) Core(TM) i5-11300H @ 3.10GHz,8,3.72,"NVIDIA GeForce GTX 1650, 4096 MiB",518.77,0.993,519.76,2060.33,1849.8,327.8,17827,19544,0.9121,0.182179,0.249214,0.817821,0.249214,0.335382,0.073049,0.664618,0.926951,0.149093,0.145366,0.187957,0.854634,0.248554,0.184639,0.751446,0.503688,0.137864,0.496312,0.338644,0.185888,0.661356,0.362782,0.218143,0.637218,0.103993,0.195095,0.896007,0.174014,0.197963,0.825986,0.170763,0.194825,0.829237,0.109754,0.182554,0.890246,-0.039305,0.207078,1.039305,0.108817,0.193992,0.891183,0.01526,0.207213,0.98474,0.033876,0.221545,0.966124,-0.003984,0.208122,1.003984
M49_SG_w10_d100_e1,1,Skip-gram,10,100,1,5,4,11th Gen Intel(R) Core(TM) i5-11300H @ 3.10GHz,8,3.72,"NVIDIA GeForce GTX 1650, 4096 MiB",64.67,0.6141,65.29,234.95,1849.8,262.94,17827,19544,0.9121,0.382754,0.27194,0.617246,0.27194,0.575369,0.24555,0.424631,0.75445,0.144666,0.397203,0.186591,0.602797,0.61264,0.219985,0.38736,0.643165,0.15007,0.356835,0.39701,0.139223,0.60299,0.350745,0.262959,0.649256,0.319401,0.20254,0.680599,0.372403,0.21834,0.627597,0.317673,0.172733,0.682327,0.248494,0.175346,0.751506,0.167278,0.208355,0.832722,0.281473,0.181939,0.718527,0.198287,0.212442,0.801713,0.167197,0.259095,0.832803,0.174245,0.216374,0.825755
M50_SG_w10_d100_e5,1,Skip-gram,10,100,5,5,4,11th Gen Intel(R) Core(TM) i5-11300H @ 3.10GHz,8,3.72,"NVIDIA GeForce GTX 1650, 4096 MiB",266.51,0.5339,267.04,1048.74,1849.8,319.04,17827,19544,0.9121,0.155259,0.22525,0.844741,0.22525,0.298219,0.053424,0.701781,0.946576,0.130441,0.102082,0.158153,0.897918,0.243591,0.188124,0.756409,0.432365,0.140752,0.567635,0.282142,0.166924,0.717858,0.276699,0.194573,0.723301,0.105221,0.16894,0.894779,0.174534,0.19131,0.825466,0.129685,0.159897,0.870315,0.090074,0.159409,0.909926,-0.03277,0.165059,1.03277,0.066946,0.169429,0.933055,0.003173,0.170017,0.996827,-0.003262,0.199723,1.003262,-0.011543,0.175519,1.011543
M51_SG_w10_d100_e10,1,Skip-gram,10,100,10,5,4,11th Gen Intel(R) Core(TM) i5-11300H @ 3.10GHz,8,3.72,"NVIDIA GeForce GTX 1650, 4096 MiB",537.96,0.5666,538.52,2138.01,1849.8,316.11,17827,19544,0.9121,0.113161,0.207618,0.886839,0.207618,0.236956,0.024979,0.763044,0.975021,0.123001,0.078522,0.152369,0.921478,0.168169,0.161403,0.831831,0.363966,0.132524,0.636034,0.272825,0.174846,0.727175,0.256045,0.193194,0.743955,0.056991,0.162864,0.943009,0.121328,0.172844,0.878672,0.104861,0.166305,0.895139,0.067223,0.151452,0.932777,-0.069611,0.164081,1.069611,0.04824,0.160017,0.95176,-0.020032,0.167159,1.020032,-0.025742,0.181045,1.025742,-0.033209,0.171205,1.033209
M52_SG_w10_d300_e1,1,Skip-gram,10,300,1,5,4,11th Gen Intel(R) Core(TM) i5-11300H @ 3.10GHz,8,3.72,"NVIDIA GeForce GTX 1650, 4096 MiB",105.4,0.9848,106.39,405.82,1849.8,161.34,17827,19544,0.9121,0.362474,0.270769,0.637526,0.270769,0.55406,0.226003,0.44594,0.773997,0.142316,0.356808,0.18385,0.643192,0.592968,0.229769,0.407032,0.625295,0.146461,0.374706,0.369977,0.134966,0.630023,0.32758,0.254683,0.67242,0.290098,0.198723,0.709902,0.352423,0.215787,0.647577,0.294869,0.167616,0.705131,0.22942,0.168682,0.77058,0.153113,0.203314,0.846887,0.250629,0.18083,0.749371,0.180186,0.207817,0.819814,0.158464,0.256449,0.841536,0.164713,0.212935,0.835287
M53_SG_w10_d300_e5,1,Skip-gram,10,300,5,5,4,11th Gen Intel(R) Core(TM) i5-11300H @ 3.10GHz,8,3.72,"NVIDIA GeForce GTX 1650, 4096 MiB",503.79,0.9931,504.79,1997.6,1849.8,168.77,17827,19544,0.9121,0.07704,0.174747,0.92296,0.174747,0.183395,0.001282,0.816605,0.998718,0.097386,0.035573,0.120385,0.964427,0.155974,0.158481,0.844026,0.256737,0.123846,0.743263,0.208069,0.129033,0.791931,0.15228,0.167713,0.84772,0.050811,0.127157,0.949189,0.104888,0.15782,0.895112,0.066218,0.123308,0.933782,0.047639,0.127687,0.952361,-0.056787,0.124107,1.056787,-0.019314,0.124177,1.019314,-0.039833,0.125987,1.039833,-0.051772,0.167161,1.051772,-0.036062,0.137886,1.036062
M54_SG_w10_d300_e10,1,Skip-gram,10,300,10,5,4,11th Gen Intel(R) Core(TM) i5-11300H @ 3.10GHz,8,3.72,"NVIDIA GeForce GTX 1650, 4096 MiB",992.74,1.1679,993.91,3956.5,1849.8,171.3,17827,19544,0.9121,0.028898,0.144491,0.971102,0.144491,0.107686,-0.027224,0.892314,1.027224,0.083331,0.000505,0.110688,0.999495,0.073269,0.121065,0.926731,0.16357,0.114016,0.83643,0.180459,0.128958,0.819541,0.11558,0.147774,0.88442,0.007577,0.107708,0.992423,0.054375,0.129662,0.945625,0.034714,0.114178,0.965286,0.026169,0.109507,0.973831,-0.081493,0.10871,1.081493,-0.040055,0.110666,1.040055,-0.063699,0.110283,1.063699,-0.081207,0.134424,1.081207,-0.057168,0.123911,1.057168
